timestamp_s,x,y,yaw,seq
0.100000,-0.00147,-0.02502,0.268008,0
0.100000,1.00000,0.25000,0.000000,1
0.100000,2.00000,0.25000,0.000000,2
0.100000,3.00000,0.25000,0.000000,3
0.100000,4.00000,0.25000,0.000000,4
0.100000,5.00000,0.25000,0.000000,5
0.100000,6.00000,0.25000,0.000000,6
0.100000,7.00000,0.25000,0.000000,7
0.100000,8.00000,0.25000,0.000000,8
0.100000,9.00000,0.25000,0.000000,9
0.100000,10.00000,0.25000,0.000000,10
0.100000,11.00000,0.25000,0.244979,11
0.100000,12.00000,0.50000,0.244979,12
0.100000,13.00000,0.75000,0.244979,13
0.100000,14.00000,1.00000,0.463648,14
0.100000,15.00000,1.50000,0.463648,15
0.100000,16.00000,2.00000,0.000000,16
0.100000,17.00000,2.00000,0.000000,17
0.100000,18.00000,2.00000,0.000000,18
0.100000,19.00000,2.00000,-0.244979,19
0.100000,20.00000,1.75000,-0.463648,20
0.100000,21.00000,1.25000,-0.463648,21
0.100000,22.00000,0.75000,-0.463648,22
0.100000,23.00000,0.25000,-0.244979,23
0.100000,24.00000,0.00000,-0.244979,24
0.100000,25.00000,-0.25000,-0.463648,25
0.100000,26.00000,-0.75000,-0.463648,26
0.100000,27.00000,-1.25000,-0.244979,27
0.100000,28.00000,-1.50000,0.000000,28
0.100000,29.00000,-1.50000,0.000000,29
0.100000,30.00000,-1.50000,0.000000,30
0.200000,0.00643,-0.00114,0.247581,0
0.200000,1.00000,0.25000,0.000000,1
0.200000,2.00000,0.25000,0.000000,2
0.200000,3.00000,0.25000,0.000000,3
0.200000,4.00000,0.25000,0.000000,4
0.200000,5.00000,0.25000,0.000000,5
0.200000,6.00000,0.25000,0.000000,6
0.200000,7.00000,0.25000,0.000000,7
0.200000,8.00000,0.25000,0.000000,8
0.200000,9.00000,0.25000,0.000000,9
0.200000,10.00000,0.25000,0.000000,10
0.200000,11.00000,0.25000,0.244979,11
0.200000,12.00000,0.50000,0.244979,12
0.200000,13.00000,0.75000,0.244979,13
0.200000,14.00000,1.00000,0.463648,14
0.200000,15.00000,1.50000,0.463648,15
0.200000,16.00000,2.00000,0.000000,16
0.200000,17.00000,2.00000,0.000000,17
0.200000,18.00000,2.00000,-0.244979,18
0.200000,19.00000,1.75000,-0.244979,19
0.200000,20.00000,1.50000,-0.244979,20
0.200000,21.00000,1.25000,-0.463648,21
0.200000,22.00000,0.75000,-0.463648,22
0.200000,23.00000,0.25000,-0.244979,23
0.200000,24.00000,0.00000,-0.244979,24
0.200000,25.00000,-0.25000,-0.463648,25
0.200000,26.00000,-0.75000,-0.463648,26
0.200000,27.00000,-1.25000,-0.244979,27
0.200000,28.00000,-1.50000,0.000000,28
0.200000,29.00000,-1.50000,0.000000,29
0.200000,30.00000,-1.50000,0.000000,30
0.300000,-0.01165,-0.01284,0.254192,0
0.300000,1.00000,0.25000,0.000000,1
0.300000,2.00000,0.25000,0.000000,2
0.300000,3.00000,0.25000,0.000000,3
0.300000,4.00000,0.25000,0.000000,4
0.300000,5.00000,0.25000,0.000000,5
0.300000,6.00000,0.25000,0.000000,6
0.300000,7.00000,0.25000,0.000000,7
0.300000,8.00000,0.25000,0.000000,8
0.300000,9.00000,0.25000,0.000000,9
0.300000,10.00000,0.25000,0.000000,10
0.300000,11.00000,0.25000,0.244979,11
0.300000,12.00000,0.50000,0.244979,12
0.300000,13.00000,0.75000,0.244979,13
0.300000,14.00000,1.00000,0.463648,14
0.300000,15.00000,1.50000,0.463648,15
0.300000,16.00000,2.00000,0.000000,16
0.300000,17.00000,2.00000,0.000000,17
0.300000,18.00000,2.00000,0.000000,18
0.300000,19.00000,2.00000,-0.244979,19
0.300000,20.00000,1.75000,-0.463648,20
0.300000,21.00000,1.25000,-0.463648,21
0.300000,22.00000,0.75000,-0.463648,22
0.300000,23.00000,0.25000,-0.244979,23
0.300000,24.00000,0.00000,-0.244979,24
0.300000,25.00000,-0.25000,-0.463648,25
0.300000,26.00000,-0.75000,-0.463648,26
0.300000,27.00000,-1.25000,-0.244979,27
0.300000,28.00000,-1.50000,0.000000,28
0.300000,29.00000,-1.50000,0.000000,29
0.300000,30.00000,-1.50000,0.000000,30
0.400000,-0.01342,0.03784,0.206365,0
0.400000,1.00000,0.25000,0.000000,1
0.400000,2.00000,0.25000,0.000000,2
0.400000,3.00000,0.25000,0.000000,3
0.400000,4.00000,0.25000,0.000000,4
0.400000,5.00000,0.25000,0.000000,5
0.400000,6.00000,0.25000,0.000000,6
0.400000,7.00000,0.25000,0.000000,7
0.400000,8.00000,0.25000,0.000000,8
0.400000,9.00000,0.25000,0.000000,9
0.400000,10.00000,0.25000,0.000000,10
0.400000,11.00000,0.25000,0.244979,11
0.400000,12.00000,0.50000,0.244979,12
0.400000,13.00000,0.75000,0.244979,13
0.400000,14.00000,1.00000,0.463648,14
0.400000,15.00000,1.50000,0.463648,15
0.400000,16.00000,2.00000,0.000000,16
0.400000,17.00000,2.00000,0.000000,17
0.400000,18.00000,2.00000,0.000000,18
0.400000,19.00000,2.00000,-0.244979,19
0.400000,20.00000,1.75000,-0.463648,20
0.400000,21.00000,1.25000,-0.463648,21
0.400000,22.00000,0.75000,-0.463648,22
0.400000,23.00000,0.25000,-0.244979,23
0.400000,24.00000,0.00000,-0.244979,24
0.400000,25.00000,-0.25000,-0.463648,25
0.400000,26.00000,-0.75000,-0.463648,26
0.400000,27.00000,-1.25000,-0.244979,27
0.400000,28.00000,-1.50000,0.000000,28
0.400000,29.00000,-1.50000,0.000000,29
0.400000,30.00000,-1.50000,0.000000,30
0.500000,-0.01312,0.01544,0.227518,0
0.500000,1.00000,0.25000,0.000000,1
0.500000,2.00000,0.25000,0.000000,2
0.500000,3.00000,0.25000,0.000000,3
0.500000,4.00000,0.25000,0.000000,4
0.500000,5.00000,0.25000,0.000000,5
0.500000,6.00000,0.25000,0.000000,6
0.500000,7.00000,0.25000,0.000000,7
0.500000,8.00000,0.25000,0.000000,8
0.500000,9.00000,0.25000,0.000000,9
0.500000,10.00000,0.25000,0.000000,10
0.500000,11.00000,0.25000,0.244979,11
0.500000,12.00000,0.50000,0.244979,12
0.500000,13.00000,0.75000,0.244979,13
0.500000,14.00000,1.00000,0.463648,14
0.500000,15.00000,1.50000,0.463648,15
0.500000,16.00000,2.00000,0.000000,16
0.500000,17.00000,2.00000,0.000000,17
0.500000,18.00000,2.00000,0.000000,18
0.500000,19.00000,2.00000,-0.244979,19
0.500000,20.00000,1.75000,-0.463648,20
0.500000,21.00000,1.25000,-0.463648,21
0.500000,22.00000,0.75000,-0.463648,22
0.500000,23.00000,0.25000,-0.244979,23
0.500000,24.00000,0.00000,-0.244979,24
0.500000,25.00000,-0.25000,-0.463648,25
0.500000,26.00000,-0.75000,-0.463648,26
0.500000,27.00000,-1.25000,-0.244979,27
0.500000,28.00000,-1.50000,0.000000,28
0.500000,29.00000,-1.50000,0.000000,29
0.500000,30.00000,-1.50000,0.000000,30
0.600000,-0.01161,0.00029,0.242003,0
0.600000,1.00000,0.25000,0.000000,1
0.600000,2.00000,0.25000,0.000000,2
0.600000,3.00000,0.25000,0.000000,3
0.600000,4.00000,0.25000,0.000000,4
0.600000,5.00000,0.25000,0.000000,5
0.600000,6.00000,0.25000,0.000000,6
0.600000,7.00000,0.25000,0.000000,7
0.600000,8.00000,0.25000,0.000000,8
0.600000,9.00000,0.25000,0.000000,9
0.600000,10.00000,0.25000,0.000000,10
0.600000,11.00000,0.25000,0.244979,11
0.600000,12.00000,0.50000,0.244979,12
0.600000,13.00000,0.75000,0.244979,13
0.600000,14.00000,1.00000,0.463648,14
0.600000,15.00000,1.50000,0.463648,15
0.600000,16.00000,2.00000,0.000000,16
0.600000,17.00000,2.00000,0.000000,17
0.600000,18.00000,2.00000,-0.244979,18
0.600000,19.00000,1.75000,-0.244979,19
0.600000,20.00000,1.50000,-0.244979,20
0.600000,21.00000,1.25000,-0.463648,21
0.600000,22.00000,0.75000,-0.463648,22
0.600000,23.00000,0.25000,-0.244979,23
0.600000,24.00000,0.00000,-0.244979,24
0.600000,25.00000,-0.25000,-0.463648,25
0.600000,26.00000,-0.75000,-0.463648,26
0.600000,27.00000,-1.25000,-0.244979,27
0.600000,28.00000,-1.50000,0.000000,28
0.600000,29.00000,-1.50000,0.000000,29
0.600000,30.00000,-1.50000,0.000000,30
0.700000,0.02077,-0.01328,0.262658,0
0.700000,1.00000,0.25000,0.000000,1
0.700000,2.00000,0.25000,0.000000,2
0.700000,3.00000,0.25000,0.000000,3
0.700000,4.00000,0.25000,0.000000,4
0.700000,5.00000,0.25000,0.000000,5
0.700000,6.00000,0.25000,0.000000,6
0.700000,7.00000,0.25000,0.000000,7
0.700000,8.00000,0.25000,0.000000,8
0.700000,9.00000,0.25000,0.000000,9
0.700000,10.00000,0.25000,0.000000,10
0.700000,11.00000,0.25000,0.244979,11
0.700000,12.00000,0.50000,0.244979,12
0.700000,13.00000,0.75000,0.244979,13
0.700000,14.00000,1.00000,0.463648,14
0.700000,15.00000,1.50000,0.463648,15
0.700000,16.00000,2.00000,0.000000,16
0.700000,17.00000,2.00000,0.000000,17
0.700000,18.00000,2.00000,-0.244979,18
0.700000,19.00000,1.75000,-0.244979,19
0.700000,20.00000,1.50000,-0.244979,20
0.700000,21.00000,1.25000,-0.463648,21
0.700000,22.00000,0.75000,-0.463648,22
0.700000,23.00000,0.25000,-0.244979,23
0.700000,24.00000,0.00000,-0.244979,24
0.700000,25.00000,-0.25000,-0.463648,25
0.700000,26.00000,-0.75000,-0.463648,26
0.700000,27.00000,-1.25000,-0.244979,27
0.700000,28.00000,-1.50000,0.000000,28
0.700000,29.00000,-1.50000,0.000000,29
0.700000,30.00000,-1.50000,0.000000,30
0.800000,0.01054,-0.01840,0.264886,0
0.800000,1.00000,0.25000,0.000000,1
0.800000,2.00000,0.25000,0.000000,2
0.800000,3.00000,0.25000,0.000000,3
0.800000,4.00000,0.25000,0.000000,4
0.800000,5.00000,0.25000,0.000000,5
0.800000,6.00000,0.25000,0.000000,6
0.800000,7.00000,0.25000,0.000000,7
0.800000,8.00000,0.25000,0.000000,8
0.800000,9.00000,0.25000,0.000000,9
0.800000,10.00000,0.25000,0.000000,10
0.800000,11.00000,0.25000,0.244979,11
0.800000,12.00000,0.50000,0.244979,12
0.800000,13.00000,0.75000,0.244979,13
0.800000,14.00000,1.00000,0.463648,14
0.800000,15.00000,1.50000,0.463648,15
0.800000,16.00000,2.00000,0.000000,16
0.800000,17.00000,2.00000,0.000000,17
0.800000,18.00000,2.00000,-0.244979,18
0.800000,19.00000,1.75000,-0.244979,19
0.800000,20.00000,1.50000,-0.244979,20
0.800000,21.00000,1.25000,-0.463648,21
0.800000,22.00000,0.75000,-0.463648,22
0.800000,23.00000,0.25000,-0.244979,23
0.800000,24.00000,0.00000,-0.244979,24
0.800000,25.00000,-0.25000,-0.463648,25
0.800000,26.00000,-0.75000,-0.463648,26
0.800000,27.00000,-1.25000,-0.244979,27
0.800000,28.00000,-1.50000,0.000000,28
0.800000,29.00000,-1.50000,0.000000,29
0.800000,30.00000,-1.50000,0.000000,30
0.900000,0.02964,-0.00930,0.261117,0
0.900000,1.00000,0.25000,0.000000,1
0.900000,2.00000,0.25000,0.000000,2
0.900000,3.00000,0.25000,0.000000,3
0.900000,4.00000,0.25000,0.000000,4
0.900000,5.00000,0.25000,0.000000,5
0.900000,6.00000,0.25000,0.000000,6
0.900000,7.00000,0.25000,0.000000,7
0.900000,8.00000,0.25000,0.000000,8
0.900000,9.00000,0.25000,0.000000,9
0.900000,10.00000,0.25000,0.000000,10
0.900000,11.00000,0.25000,0.244979,11
0.900000,12.00000,0.50000,0.244979,12
0.900000,13.00000,0.75000,0.244979,13
0.900000,14.00000,1.00000,0.463648,14
0.900000,15.00000,1.50000,0.463648,15
0.900000,16.00000,2.00000,0.000000,16
0.900000,17.00000,2.00000,0.000000,17
0.900000,18.00000,2.00000,0.000000,18
0.900000,19.00000,2.00000,-0.244979,19
0.900000,20.00000,1.75000,-0.463648,20
0.900000,21.00000,1.25000,-0.463648,21
0.900000,22.00000,0.75000,-0.463648,22
0.900000,23.00000,0.25000,-0.244979,23
0.900000,24.00000,0.00000,-0.244979,24
0.900000,25.00000,-0.25000,-0.463648,25
0.900000,26.00000,-0.75000,-0.463648,26
0.900000,27.00000,-1.25000,-0.244979,27
0.900000,28.00000,-1.50000,0.000000,28
0.900000,29.00000,-1.50000,0.000000,29
0.900000,30.00000,-1.50000,0.000000,30
1.000000,0.04726,-0.04051,0.042495,0
1.000000,1.00000,0.00000,0.000000,1
1.000000,2.00000,0.00000,0.000000,2
1.000000,3.00000,0.00000,0.000000,3
1.000000,4.00000,0.00000,0.000000,4
1.000000,5.00000,0.00000,0.000000,5
1.000000,6.00000,0.00000,0.000000,6
1.000000,7.00000,0.00000,0.000000,7
1.000000,8.00000,0.00000,0.000000,8
1.000000,9.00000,0.00000,0.000000,9
1.000000,10.00000,0.00000,0.244979,10
1.000000,11.00000,0.25000,0.244979,11
1.000000,12.00000,0.50000,0.244979,12
1.000000,13.00000,0.75000,0.244979,13
1.000000,14.00000,1.00000,0.463648,14
1.000000,15.00000,1.50000,0.463648,15
1.000000,16.00000,2.00000,0.000000,16
1.000000,17.00000,2.00000,0.000000,17
1.000000,18.00000,2.00000,-0.244979,18
1.000000,19.00000,1.75000,-0.244979,19
1.000000,20.00000,1.50000,-0.244979,20
1.000000,21.00000,1.25000,-0.463648,21
1.000000,22.00000,0.75000,-0.463648,22
1.000000,23.00000,0.25000,-0.244979,23
1.000000,24.00000,0.00000,-0.463648,24
1.000000,25.00000,-0.50000,-0.463648,25
1.000000,26.00000,-1.00000,-0.463648,26
1.000000,27.00000,-1.50000,0.000000,27
1.000000,28.00000,-1.50000,0.000000,28
1.000000,29.00000,-1.50000,0.000000,29
1.000000,30.00000,-1.50000,0.000000,30
1.100000,0.11405,-0.04435,0.050019,0
1.100000,1.00000,0.00000,0.000000,1
1.100000,2.00000,0.00000,0.000000,2
1.100000,3.00000,0.00000,0.000000,3
1.100000,4.00000,0.00000,0.000000,4
1.100000,5.00000,0.00000,0.000000,5
1.100000,6.00000,0.00000,0.000000,6
1.100000,7.00000,0.00000,0.000000,7
1.100000,8.00000,0.00000,0.000000,8
1.100000,9.00000,0.00000,0.000000,9
1.100000,10.00000,0.00000,0.244979,10
1.100000,11.00000,0.25000,0.244979,11
1.100000,12.00000,0.50000,0.244979,12
1.100000,13.00000,0.75000,0.244979,13
1.100000,14.00000,1.00000,0.463648,14
1.100000,15.00000,1.50000,0.463648,15
1.100000,16.00000,2.00000,0.000000,16
1.100000,17.00000,2.00000,0.000000,17
1.100000,18.00000,2.00000,-0.244979,18
1.100000,19.00000,1.75000,-0.244979,19
1.100000,20.00000,1.50000,-0.244979,20
1.100000,21.00000,1.25000,-0.463648,21
1.100000,22.00000,0.75000,-0.463648,22
1.100000,23.00000,0.25000,-0.244979,23
1.100000,24.00000,0.00000,-0.244979,24
1.100000,25.00000,-0.25000,-0.463648,25
1.100000,26.00000,-0.75000,-0.463648,26
1.100000,27.00000,-1.25000,-0.244979,27
1.100000,28.00000,-1.50000,0.000000,28
1.100000,29.00000,-1.50000,0.000000,29
1.100000,30.00000,-1.50000,0.000000,30
1.202000,0.17185,-0.07534,0.090726,0
1.202000,1.00000,0.00000,0.000000,1
1.202000,2.00000,0.00000,0.000000,2
1.202000,3.00000,0.00000,0.000000,3
1.202000,4.00000,0.00000,0.000000,4
1.202000,5.00000,0.00000,0.000000,5
1.202000,6.00000,0.00000,0.000000,6
1.202000,7.00000,0.00000,0.000000,7
1.202000,8.00000,0.00000,0.000000,8
1.202000,9.00000,0.00000,0.000000,9
1.202000,10.00000,0.00000,0.244979,10
1.202000,11.00000,0.25000,0.244979,11
1.202000,12.00000,0.50000,0.244979,12
1.202000,13.00000,0.75000,0.244979,13
1.202000,14.00000,1.00000,0.463648,14
1.202000,15.00000,1.50000,0.463648,15
1.202000,16.00000,2.00000,0.000000,16
1.202000,17.00000,2.00000,0.000000,17
1.202000,18.00000,2.00000,-0.244979,18
1.202000,19.00000,1.75000,-0.244979,19
1.202000,20.00000,1.50000,-0.244979,20
1.202000,21.00000,1.25000,-0.463648,21
1.202000,22.00000,0.75000,-0.463648,22
1.202000,23.00000,0.25000,-0.244979,23
1.202000,24.00000,0.00000,-0.244979,24
1.202000,25.00000,-0.25000,-0.463648,25
1.202000,26.00000,-0.75000,-0.463648,26
1.202000,27.00000,-1.25000,-0.244979,27
1.202000,28.00000,-1.50000,0.000000,28
1.202000,29.00000,-1.50000,0.000000,29
1.202000,30.00000,-1.50000,0.000000,30
1.300000,0.19444,-0.10457,0.129090,0
1.300000,1.00000,0.00000,0.000000,1
1.300000,2.00000,0.00000,0.000000,2
1.300000,3.00000,0.00000,0.000000,3
1.300000,4.00000,0.00000,0.000000,4
1.300000,5.00000,0.00000,0.000000,5
1.300000,6.00000,0.00000,0.000000,6
1.300000,7.00000,0.00000,0.000000,7
1.300000,8.00000,0.00000,0.000000,8
1.300000,9.00000,0.00000,0.000000,9
1.300000,10.00000,0.00000,0.244979,10
1.300000,11.00000,0.25000,0.244979,11
1.300000,12.00000,0.50000,0.244979,12
1.300000,13.00000,0.75000,0.244979,13
1.300000,14.00000,1.00000,0.463648,14
1.300000,15.00000,1.50000,0.463648,15
1.300000,16.00000,2.00000,0.000000,16
1.300000,17.00000,2.00000,0.000000,17
1.300000,18.00000,2.00000,-0.244979,18
1.300000,19.00000,1.75000,-0.244979,19
1.300000,20.00000,1.50000,-0.244979,20
1.300000,21.00000,1.25000,-0.463648,21
1.300000,22.00000,0.75000,-0.463648,22
1.300000,23.00000,0.25000,-0.244979,23
1.300000,24.00000,0.00000,-0.244979,24
1.300000,25.00000,-0.25000,-0.463648,25
1.300000,26.00000,-0.75000,-0.463648,26
1.300000,27.00000,-1.25000,-0.244979,27
1.300000,28.00000,-1.50000,0.000000,28
1.300000,29.00000,-1.50000,0.000000,29
1.300000,30.00000,-1.50000,0.000000,30
1.400000,0.28156,-0.13051,0.106705,0
1.400000,1.50000,0.00000,0.000000,1
1.400000,2.50000,0.00000,0.000000,2
1.400000,3.50000,0.00000,0.000000,3
1.400000,4.50000,0.00000,0.000000,4
1.400000,5.50000,0.00000,0.000000,5
1.400000,6.50000,0.00000,0.000000,6
1.400000,7.50000,0.00000,0.000000,7
1.400000,8.50000,0.00000,0.000000,8
1.400000,9.50000,0.00000,0.000000,9
1.400000,10.50000,0.00000,0.244979,10
1.400000,11.50000,0.25000,0.244979,11
1.400000,12.50000,0.50000,0.244979,12
1.400000,13.50000,0.75000,0.244979,13
1.400000,14.50000,1.00000,0.463648,14
1.400000,15.50000,1.50000,0.463648,15
1.400000,16.50000,2.00000,0.000000,16
1.400000,17.50000,2.00000,0.000000,17
1.400000,18.50000,2.00000,-0.244979,18
1.400000,19.50000,1.75000,-0.244979,19
1.400000,20.50000,1.50000,-0.463648,20
1.400000,21.50000,1.00000,-0.463648,21
1.400000,22.50000,0.50000,-0.463648,22
1.400000,23.50000,0.00000,-0.244979,23
1.400000,24.50000,-0.25000,-0.463648,24
1.400000,25.50000,-0.75000,-0.463648,25
1.400000,26.50000,-1.25000,-0.244979,26
1.400000,27.50000,-1.50000,0.000000,27
1.400000,28.50000,-1.50000,0.000000,28
1.400000,29.50000,-1.50000,0.000000,29
1.400000,30.50000,-1.50000,0.000000,30
1.500000,0.32733,-0.17794,0.150592,0
1.500000,1.50000,0.00000,0.000000,1
1.500000,2.50000,0.00000,0.000000,2
1.500000,3.50000,0.00000,0.000000,3
1.500000,4.50000,0.00000,0.000000,4
1.500000,5.50000,0.00000,0.000000,5
1.500000,6.50000,0.00000,0.000000,6
1.500000,7.50000,0.00000,0.000000,7
1.500000,8.50000,0.00000,0.000000,8
1.500000,9.50000,0.00000,0.000000,9
1.500000,10.50000,0.00000,0.244979,10
1.500000,11.50000,0.25000,0.244979,11
1.500000,12.50000,0.50000,0.244979,12
1.500000,13.50000,0.75000,0.244979,13
1.500000,14.50000,1.00000,0.463648,14
1.500000,15.50000,1.50000,0.463648,15
1.500000,16.50000,2.00000,0.000000,16
1.500000,17.50000,2.00000,-0.244979,17
1.500000,18.50000,1.75000,0.000000,18
1.500000,19.50000,1.75000,-0.244979,19
1.500000,20.50000,1.50000,-0.463648,20
1.500000,21.50000,1.00000,-0.463648,21
1.500000,22.50000,0.50000,-0.463648,22
1.500000,23.50000,0.00000,-0.244979,23
1.500000,24.50000,-0.25000,-0.463648,24
1.500000,25.50000,-0.75000,-0.463648,25
1.500000,26.50000,-1.25000,-0.244979,26
1.500000,27.50000,-1.50000,-0.244979,27
1.500000,28.50000,-1.75000,0.000000,28
1.500000,29.50000,-1.75000,0.000000,29
1.500000,30.50000,-1.75000,0.000000,30
1.602000,0.40619,-0.15846,0.143871,0
1.602000,1.50000,0.00000,0.000000,1
1.602000,2.50000,0.00000,0.000000,2
1.602000,3.50000,0.00000,0.000000,3
1.602000,4.50000,0.00000,0.000000,4
1.602000,5.50000,0.00000,0.000000,5
1.602000,6.50000,0.00000,0.000000,6
1.602000,7.50000,0.00000,0.000000,7
1.602000,8.50000,0.00000,0.000000,8
1.602000,9.50000,0.00000,0.000000,9
1.602000,10.50000,0.00000,0.244979,10
1.602000,11.50000,0.25000,0.244979,11
1.602000,12.50000,0.50000,0.244979,12
1.602000,13.50000,0.75000,0.244979,13
1.602000,14.50000,1.00000,0.463648,14
1.602000,15.50000,1.50000,0.463648,15
1.602000,16.50000,2.00000,0.000000,16
1.602000,17.50000,2.00000,0.000000,17
1.602000,18.50000,2.00000,-0.244979,18
1.602000,19.50000,1.75000,-0.244979,19
1.602000,20.50000,1.50000,-0.463648,20
1.602000,21.50000,1.00000,-0.463648,21
1.602000,22.50000,0.50000,-0.463648,22
1.602000,23.50000,0.00000,-0.244979,23
1.602000,24.50000,-0.25000,-0.463648,24
1.602000,25.50000,-0.75000,-0.463648,25
1.602000,26.50000,-1.25000,-0.244979,26
1.602000,27.50000,-1.50000,0.000000,27
1.602000,28.50000,-1.50000,0.000000,28
1.602000,29.50000,-1.50000,0.000000,29
1.602000,30.50000,-1.50000,0.000000,30
1.700000,0.47361,-0.24866,0.237691,0
1.700000,1.50000,0.00000,0.000000,1
1.700000,2.50000,0.00000,0.000000,2
1.700000,3.50000,0.00000,0.000000,3
1.700000,4.50000,0.00000,0.000000,4
1.700000,5.50000,0.00000,0.000000,5
1.700000,6.50000,0.00000,0.000000,6
1.700000,7.50000,0.00000,0.000000,7
1.700000,8.50000,0.00000,0.000000,8
1.700000,9.50000,0.00000,0.000000,9
1.700000,10.50000,0.00000,0.244979,10
1.700000,11.50000,0.25000,0.244979,11
1.700000,12.50000,0.50000,0.244979,12
1.700000,13.50000,0.75000,0.244979,13
1.700000,14.50000,1.00000,0.463648,14
1.700000,15.50000,1.50000,0.463648,15
1.700000,16.50000,2.00000,0.000000,16
1.700000,17.50000,2.00000,0.000000,17
1.700000,18.50000,2.00000,-0.244979,18
1.700000,19.50000,1.75000,-0.244979,19
1.700000,20.50000,1.50000,-0.463648,20
1.700000,21.50000,1.00000,-0.463648,21
1.700000,22.50000,0.50000,-0.463648,22
1.700000,23.50000,0.00000,-0.244979,23
1.700000,24.50000,-0.25000,-0.463648,24
1.700000,25.50000,-0.75000,-0.463648,25
1.700000,26.50000,-1.25000,-0.244979,26
1.700000,27.50000,-1.50000,0.000000,27
1.700000,28.50000,-1.50000,0.000000,28
1.700000,29.50000,-1.50000,0.000000,29
1.700000,30.50000,-1.50000,0.000000,30
1.800000,0.60188,-0.30478,0.327157,0
1.800000,1.50000,0.00000,0.000000,1
1.800000,2.50000,0.00000,0.000000,2
1.800000,3.50000,0.00000,0.000000,3
1.800000,4.50000,0.00000,0.000000,4
1.800000,5.50000,0.00000,0.000000,5
1.800000,6.50000,0.00000,0.000000,6
1.800000,7.50000,0.00000,0.000000,7
1.800000,8.50000,0.00000,0.000000,8
1.800000,9.50000,0.00000,0.000000,9
1.800000,10.50000,0.00000,0.244979,10
1.800000,11.50000,0.25000,0.244979,11
1.800000,12.50000,0.50000,0.244979,12
1.800000,13.50000,0.75000,0.244979,13
1.800000,14.50000,1.00000,0.463648,14
1.800000,15.50000,1.50000,0.463648,15
1.800000,16.50000,2.00000,0.000000,16
1.800000,17.50000,2.00000,0.000000,17
1.800000,18.50000,2.00000,-0.244979,18
1.800000,19.50000,1.75000,-0.244979,19
1.800000,20.50000,1.50000,-0.463648,20
1.800000,21.50000,1.00000,-0.463648,21
1.800000,22.50000,0.50000,-0.463648,22
1.800000,23.50000,0.00000,-0.244979,23
1.800000,24.50000,-0.25000,-0.463648,24
1.800000,25.50000,-0.75000,-0.463648,25
1.800000,26.50000,-1.25000,-0.244979,26
1.800000,27.50000,-1.50000,0.000000,27
1.800000,28.50000,-1.50000,0.000000,28
1.800000,29.50000,-1.50000,0.000000,29
1.800000,30.50000,-1.50000,0.000000,30
1.900000,0.70709,-0.33200,0.396533,0
1.900000,1.50000,0.00000,0.000000,1
1.900000,2.50000,0.00000,0.000000,2
1.900000,3.50000,0.00000,0.000000,3
1.900000,4.50000,0.00000,0.000000,4
1.900000,5.50000,0.00000,0.000000,5
1.900000,6.50000,0.00000,0.000000,6
1.900000,7.50000,0.00000,0.000000,7
1.900000,8.50000,0.00000,0.000000,8
1.900000,9.50000,0.00000,0.000000,9
1.900000,10.50000,0.00000,0.244979,10
1.900000,11.50000,0.25000,0.244979,11
1.900000,12.50000,0.50000,0.244979,12
1.900000,13.50000,0.75000,0.244979,13
1.900000,14.50000,1.00000,0.463648,14
1.900000,15.50000,1.50000,0.463648,15
1.900000,16.50000,2.00000,0.000000,16
1.900000,17.50000,2.00000,0.000000,17
1.900000,18.50000,2.00000,-0.244979,18
1.900000,19.50000,1.75000,-0.244979,19
1.900000,20.50000,1.50000,-0.463648,20
1.900000,21.50000,1.00000,-0.463648,21
1.900000,22.50000,0.50000,-0.463648,22
1.900000,23.50000,0.00000,-0.244979,23
1.900000,24.50000,-0.25000,-0.463648,24
1.900000,25.50000,-0.75000,-0.463648,25
1.900000,26.50000,-1.25000,-0.244979,26
1.900000,27.50000,-1.50000,0.000000,27
1.900000,28.50000,-1.50000,0.000000,28
1.900000,29.50000,-1.50000,0.000000,29
1.900000,30.50000,-1.50000,0.000000,30
2.000000,0.85769,-0.43633,0.364867,0
2.000000,2.00000,0.00000,0.000000,1
2.000000,3.00000,0.00000,0.000000,2
2.000000,4.00000,0.00000,0.000000,3
2.000000,5.00000,0.00000,0.000000,4
2.000000,6.00000,0.00000,0.000000,5
2.000000,7.00000,0.00000,0.000000,6
2.000000,8.00000,0.00000,0.000000,7
2.000000,9.00000,0.00000,0.000000,8
2.000000,10.00000,0.00000,0.244979,9
2.000000,11.00000,0.25000,0.244979,10
2.000000,12.00000,0.50000,0.244979,11
2.000000,13.00000,0.75000,0.244979,12
2.000000,14.00000,1.00000,0.463648,13
2.000000,15.00000,1.50000,0.463648,14
2.000000,16.00000,2.00000,0.000000,15
2.000000,17.00000,2.00000,0.000000,16
2.000000,18.00000,2.00000,0.000000,17
2.000000,19.00000,2.00000,-0.244979,18
2.000000,20.00000,1.75000,-0.244979,19
2.000000,21.00000,1.50000,-0.463648,20
2.000000,22.00000,1.00000,-0.244979,21
2.000000,23.00000,0.75000,-0.244979,22
2.000000,24.00000,0.50000,-0.244979,23
2.000000,25.00000,0.25000,0.000000,24
2.000000,26.00000,0.25000,0.000000,25
2.000000,27.00000,0.25000,0.000000,26
2.000000,28.00000,0.25000,0.000000,27
2.000000,29.00000,0.25000,0.000000,28
2.000000,30.00000,0.25000,0.000000,29
2.000000,31.00000,0.25000,0.000000,30
2.100000,0.96606,-0.52772,0.262408,0
2.100000,2.00000,-0.25000,0.244979,1
2.100000,3.00000,0.00000,0.000000,2
2.100000,4.00000,0.00000,0.000000,3
2.100000,5.00000,0.00000,0.000000,4
2.100000,6.00000,0.00000,0.000000,5
2.100000,7.00000,0.00000,0.000000,6
2.100000,8.00000,0.00000,0.000000,7
2.100000,9.00000,0.00000,0.000000,8
2.100000,10.00000,0.00000,0.244979,9
2.100000,11.00000,0.25000,0.244979,10
2.100000,12.00000,0.50000,0.244979,11
2.100000,13.00000,0.75000,0.244979,12
2.100000,14.00000,1.00000,0.463648,13
2.100000,15.00000,1.50000,0.463648,14
2.100000,16.00000,2.00000,0.000000,15
2.100000,17.00000,2.00000,0.000000,16
2.100000,18.00000,2.00000,0.000000,17
2.100000,19.00000,2.00000,-0.244979,18
2.100000,20.00000,1.75000,-0.244979,19
2.100000,21.00000,1.50000,-0.463648,20
2.100000,22.00000,1.00000,-0.244979,21
2.100000,23.00000,0.75000,-0.244979,22
2.100000,24.00000,0.50000,-0.244979,23
2.100000,25.00000,0.25000,0.000000,24
2.100000,26.00000,0.25000,0.000000,25
2.100000,27.00000,0.25000,0.000000,26
2.100000,28.00000,0.25000,0.000000,27
2.100000,29.00000,0.25000,0.000000,28
2.100000,30.00000,0.25000,0.000000,29
2.100000,31.00000,0.25000,0.000000,30
2.200000,1.13277,-0.64368,0.426136,0
2.200000,2.00000,-0.25000,0.244979,1
2.200000,3.00000,0.00000,0.000000,2
2.200000,4.00000,0.00000,0.000000,3
2.200000,5.00000,0.00000,0.000000,4
2.200000,6.00000,0.00000,0.000000,5
2.200000,7.00000,0.00000,0.000000,6
2.200000,8.00000,0.00000,0.000000,7
2.200000,9.00000,0.00000,0.000000,8
2.200000,10.00000,0.00000,0.244979,9
2.200000,11.00000,0.25000,0.244979,10
2.200000,12.00000,0.50000,0.244979,11
2.200000,13.00000,0.75000,0.244979,12
2.200000,14.00000,1.00000,0.463648,13
2.200000,15.00000,1.50000,0.463648,14
2.200000,16.00000,2.00000,0.000000,15
2.200000,17.00000,2.00000,0.000000,16
2.200000,18.00000,2.00000,0.000000,17
2.200000,19.00000,2.00000,-0.244979,18
2.200000,20.00000,1.75000,-0.244979,19
2.200000,21.00000,1.50000,-0.463648,20
2.200000,22.00000,1.00000,-0.244979,21
2.200000,23.00000,0.75000,-0.244979,22
2.200000,24.00000,0.50000,-0.244979,23
2.200000,25.00000,0.25000,0.000000,24
2.200000,26.00000,0.25000,0.000000,25
2.200000,27.00000,0.25000,0.000000,26
2.200000,28.00000,0.25000,0.000000,27
2.200000,29.00000,0.25000,0.000000,28
2.200000,30.00000,0.25000,0.000000,29
2.200000,31.00000,0.25000,0.000000,30
2.300000,1.22737,-0.78360,0.604410,0
2.300000,2.00000,-0.25000,0.244979,1
2.300000,3.00000,0.00000,0.000000,2
2.300000,4.00000,0.00000,0.000000,3
2.300000,5.00000,0.00000,0.000000,4
2.300000,6.00000,0.00000,0.000000,5
2.300000,7.00000,0.00000,0.000000,6
2.300000,8.00000,0.00000,0.000000,7
2.300000,9.00000,0.00000,0.000000,8
2.300000,10.00000,0.00000,0.244979,9
2.300000,11.00000,0.25000,0.244979,10
2.300000,12.00000,0.50000,0.244979,11
2.300000,13.00000,0.75000,0.244979,12
2.300000,14.00000,1.00000,0.463648,13
2.300000,15.00000,1.50000,0.463648,14
2.300000,16.00000,2.00000,0.000000,15
2.300000,17.00000,2.00000,0.000000,16
2.300000,18.00000,2.00000,0.000000,17
2.300000,19.00000,2.00000,-0.244979,18
2.300000,20.00000,1.75000,-0.244979,19
2.300000,21.00000,1.50000,-0.463648,20
2.300000,22.00000,1.00000,-0.244979,21
2.300000,23.00000,0.75000,-0.244979,22
2.300000,24.00000,0.50000,-0.244979,23
2.300000,25.00000,0.25000,0.000000,24
2.300000,26.00000,0.25000,0.000000,25
2.300000,27.00000,0.25000,0.000000,26
2.300000,28.00000,0.25000,0.000000,27
2.300000,29.00000,0.25000,0.000000,28
2.300000,30.00000,0.25000,0.000000,29
2.300000,31.00000,0.25000,0.000000,30
2.400000,1.37113,-0.90642,0.345573,0
2.400000,2.50000,-0.50000,0.244979,1
2.400000,3.50000,-0.25000,0.244979,2
2.400000,4.50000,0.00000,0.000000,3
2.400000,5.50000,0.00000,0.000000,4
2.400000,6.50000,0.00000,0.000000,5
2.400000,7.50000,0.00000,0.000000,6
2.400000,8.50000,0.00000,0.000000,7
2.400000,9.50000,0.00000,0.000000,8
2.400000,10.50000,0.00000,0.244979,9
2.400000,11.50000,0.25000,0.244979,10
2.400000,12.50000,0.50000,0.244979,11
2.400000,13.50000,0.75000,0.244979,12
2.400000,14.50000,1.00000,0.463648,13
2.400000,15.50000,1.50000,0.463648,14
2.400000,16.50000,2.00000,0.000000,15
2.400000,17.50000,2.00000,0.000000,16
2.400000,18.50000,2.00000,-0.244979,17
2.400000,19.50000,1.75000,-0.244979,18
2.400000,20.50000,1.50000,-0.463648,19
2.400000,21.50000,1.00000,-0.244979,20
2.400000,22.50000,0.75000,-0.244979,21
2.400000,23.50000,0.50000,-0.244979,22
2.400000,24.50000,0.25000,0.000000,23
2.400000,25.50000,0.25000,0.000000,24
2.400000,26.50000,0.25000,0.000000,25
2.400000,27.50000,0.25000,0.000000,26
2.400000,28.50000,0.25000,0.000000,27
2.400000,29.50000,0.25000,0.000000,28
2.400000,30.50000,0.25000,0.000000,29
2.400000,31.50000,0.25000,0.000000,30
2.500000,1.50837,-1.04864,0.505346,0
2.500000,2.50000,-0.50000,0.244979,1
2.500000,3.50000,-0.25000,0.244979,2
2.500000,4.50000,0.00000,0.000000,3
2.500000,5.50000,0.00000,0.000000,4
2.500000,6.50000,0.00000,0.000000,5
2.500000,7.50000,0.00000,0.000000,6
2.500000,8.50000,0.00000,0.000000,7
2.500000,9.50000,0.00000,0.000000,8
2.500000,10.50000,0.00000,0.244979,9
2.500000,11.50000,0.25000,0.244979,10
2.500000,12.50000,0.50000,0.244979,11
2.500000,13.50000,0.75000,0.244979,12
2.500000,14.50000,1.00000,0.463648,13
2.500000,15.50000,1.50000,0.463648,14
2.500000,16.50000,2.00000,0.000000,15
2.500000,17.50000,2.00000,0.000000,16
2.500000,18.50000,2.00000,-0.244979,17
2.500000,19.50000,1.75000,-0.244979,18
2.500000,20.50000,1.50000,-0.463648,19
2.500000,21.50000,1.00000,-0.244979,20
2.500000,22.50000,0.75000,-0.244979,21
2.500000,23.50000,0.50000,-0.244979,22
2.500000,24.50000,0.25000,0.000000,23
2.500000,25.50000,0.25000,0.000000,24
2.500000,26.50000,0.25000,0.000000,25
2.500000,27.50000,0.25000,0.000000,26
2.500000,28.50000,0.25000,0.000000,27
2.500000,29.50000,0.25000,0.000000,28
2.500000,30.50000,0.25000,0.000000,29
2.500000,31.50000,0.25000,0.000000,30
2.600000,1.66038,-1.22531,0.515124,0
2.600000,2.50000,-0.75000,0.244979,1
2.600000,3.50000,-0.50000,0.244979,2
2.600000,4.50000,-0.25000,0.244979,3
2.600000,5.50000,0.00000,0.000000,4
2.600000,6.50000,0.00000,0.000000,5
2.600000,7.50000,0.00000,0.000000,6
2.600000,8.50000,0.00000,0.000000,7
2.600000,9.50000,0.00000,0.000000,8
2.600000,10.50000,0.00000,0.244979,9
2.600000,11.50000,0.25000,0.244979,10
2.600000,12.50000,0.50000,0.244979,11
2.600000,13.50000,0.75000,0.244979,12
2.600000,14.50000,1.00000,0.463648,13
2.600000,15.50000,1.50000,0.463648,14
2.600000,16.50000,2.00000,0.000000,15
2.600000,17.50000,2.00000,0.000000,16
2.600000,18.50000,2.00000,-0.244979,17
2.600000,19.50000,1.75000,-0.244979,18
2.600000,20.50000,1.50000,-0.463648,19
2.600000,21.50000,1.00000,-0.244979,20
2.600000,22.50000,0.75000,-0.244979,21
2.600000,23.50000,0.50000,-0.244979,22
2.600000,24.50000,0.25000,0.000000,23
2.600000,25.50000,0.25000,0.000000,24
2.600000,26.50000,0.25000,0.000000,25
2.600000,27.50000,0.25000,0.000000,26
2.600000,28.50000,0.25000,0.000000,27
2.600000,29.50000,0.25000,0.000000,28
2.600000,30.50000,0.25000,0.000000,29
2.600000,31.50000,0.25000,0.000000,30
2.700000,1.82978,-1.37232,0.488758,0
2.700000,3.00000,-0.75000,0.244979,1
2.700000,4.00000,-0.50000,0.244979,2
2.700000,5.00000,-0.25000,0.244979,3
2.700000,6.00000,0.00000,0.000000,4
2.700000,7.00000,0.00000,0.000000,5
2.700000,8.00000,0.00000,0.000000,6
2.700000,9.00000,0.00000,0.000000,7
2.700000,10.00000,0.00000,0.244979,8
2.700000,11.00000,0.25000,0.244979,9
2.700000,12.00000,0.50000,0.244979,10
2.700000,13.00000,0.75000,0.244979,11
2.700000,14.00000,1.00000,0.463648,12
2.700000,15.00000,1.50000,0.463648,13
2.700000,16.00000,2.00000,0.000000,14
2.700000,17.00000,2.00000,0.000000,15
2.700000,18.00000,2.00000,0.000000,16
2.700000,19.00000,2.00000,-0.244979,17
2.700000,20.00000,1.75000,-0.244979,18
2.700000,21.00000,1.50000,-0.463648,19
2.700000,22.00000,1.00000,-0.244979,20
2.700000,23.00000,0.75000,-0.244979,21
2.700000,24.00000,0.50000,-0.244979,22
2.700000,25.00000,0.25000,0.000000,23
2.700000,26.00000,0.25000,0.000000,24
2.700000,27.00000,0.25000,0.000000,25
2.700000,28.00000,0.25000,0.000000,26
2.700000,29.00000,0.25000,0.000000,27
2.700000,30.00000,0.25000,0.000000,28
2.700000,31.00000,0.25000,0.000000,29
2.700000,32.00000,0.25000,0.000000,30
2.800000,1.98781,-1.52943,0.481919,0
2.800000,3.00000,-1.00000,0.244979,1
2.800000,4.00000,-0.75000,0.244979,2
2.800000,5.00000,-0.50000,0.244979,3
2.800000,6.00000,-0.25000,0.244979,4
2.800000,7.00000,0.00000,0.000000,5
2.800000,8.00000,0.00000,0.000000,6
2.800000,9.00000,0.00000,0.000000,7
2.800000,10.00000,0.00000,0.244979,8
2.800000,11.00000,0.25000,0.244979,9
2.800000,12.00000,0.50000,0.244979,10
2.800000,13.00000,0.75000,0.244979,11
2.800000,14.00000,1.00000,0.463648,12
2.800000,15.00000,1.50000,0.463648,13
2.800000,16.00000,2.00000,0.000000,14
2.800000,17.00000,2.00000,0.000000,15
2.800000,18.00000,2.00000,0.000000,16
2.800000,19.00000,2.00000,-0.244979,17
2.800000,20.00000,1.75000,-0.244979,18
2.800000,21.00000,1.50000,-0.463648,19
2.800000,22.00000,1.00000,-0.244979,20
2.800000,23.00000,0.75000,-0.244979,21
2.800000,24.00000,0.50000,-0.244979,22
2.800000,25.00000,0.25000,0.000000,23
2.800000,26.00000,0.25000,0.000000,24
2.800000,27.00000,0.25000,0.000000,25
2.800000,28.00000,0.25000,0.000000,26
2.800000,29.00000,0.25000,0.000000,27
2.800000,30.00000,0.25000,0.000000,28
2.800000,31.00000,0.25000,0.000000,29
2.800000,32.00000,0.25000,0.000000,30
2.900000,2.15286,-1.74572,0.721816,0
2.900000,3.00000,-1.00000,0.244979,1
2.900000,4.00000,-0.75000,0.244979,2
2.900000,5.00000,-0.50000,0.244979,3
2.900000,6.00000,-0.25000,0.244979,4
2.900000,7.00000,0.00000,0.000000,5
2.900000,8.00000,0.00000,0.000000,6
2.900000,9.00000,0.00000,0.000000,7
2.900000,10.00000,0.00000,0.244979,8
2.900000,11.00000,0.25000,0.244979,9
2.900000,12.00000,0.50000,0.244979,10
2.900000,13.00000,0.75000,0.244979,11
2.900000,14.00000,1.00000,0.463648,12
2.900000,15.00000,1.50000,0.463648,13
2.900000,16.00000,2.00000,0.000000,14
2.900000,17.00000,2.00000,0.000000,15
2.900000,18.00000,2.00000,-0.244979,16
2.900000,19.00000,1.75000,-0.244979,17
2.900000,20.00000,1.50000,-0.244979,18
2.900000,21.00000,1.25000,-0.463648,19
2.900000,22.00000,0.75000,-0.244979,20
2.900000,23.00000,0.50000,-0.244979,21
2.900000,24.00000,0.25000,0.000000,22
2.900000,25.00000,0.25000,0.000000,23
2.900000,26.00000,0.25000,0.000000,24
2.900000,27.00000,0.25000,0.000000,25
2.900000,28.00000,0.25000,0.000000,26
2.900000,29.00000,0.25000,0.000000,27
2.900000,30.00000,0.25000,0.000000,28
2.900000,31.00000,0.25000,0.000000,29
2.900000,32.00000,0.25000,0.000000,30
3.000000,2.29354,-1.89317,0.489781,0
3.000000,3.50000,-1.25000,0.463648,1
3.000000,4.50000,-0.75000,0.244979,2
3.000000,5.50000,-0.50000,0.244979,3
3.000000,6.50000,-0.25000,0.244979,4
3.000000,7.50000,0.00000,0.000000,5
3.000000,8.50000,0.00000,0.000000,6
3.000000,9.50000,0.00000,0.000000,7
3.000000,10.50000,0.00000,0.000000,8
3.000000,11.50000,0.00000,0.000000,9
3.000000,12.50000,0.00000,0.000000,10
3.000000,13.50000,0.00000,0.000000,11
3.000000,14.50000,0.00000,0.000000,12
3.000000,15.50000,0.00000,0.000000,13
3.000000,16.50000,0.00000,0.000000,14
3.000000,17.50000,0.00000,0.000000,15
3.000000,18.50000,0.00000,0.000000,16
3.000000,19.50000,0.00000,0.000000,17
3.000000,20.50000,0.00000,0.000000,18
3.000000,21.50000,0.00000,0.000000,19
3.000000,22.50000,0.00000,0.000000,20
3.000000,23.50000,0.00000,0.000000,21
3.000000,24.50000,0.00000,0.000000,22
3.000000,25.50000,0.00000,0.000000,23
3.000000,26.50000,0.00000,0.000000,24
3.000000,27.50000,0.00000,0.000000,25
3.000000,28.50000,0.00000,0.000000,26
3.000000,29.50000,0.00000,0.000000,27
3.000000,30.50000,0.00000,0.000000,28
3.000000,31.50000,0.00000,0.000000,29
3.000000,32.50000,0.00000,0.000000,30
3.100000,2.41974,-2.11210,0.673550,0
3.100000,3.50000,-1.25000,0.463648,1
3.100000,4.50000,-0.75000,0.244979,2
3.100000,5.50000,-0.50000,0.244979,3
3.100000,6.50000,-0.25000,0.244979,4
3.100000,7.50000,0.00000,0.000000,5
3.100000,8.50000,0.00000,0.000000,6
3.100000,9.50000,0.00000,0.000000,7
3.100000,10.50000,0.00000,0.000000,8
3.100000,11.50000,0.00000,0.000000,9
3.100000,12.50000,0.00000,0.000000,10
3.100000,13.50000,0.00000,0.000000,11
3.100000,14.50000,0.00000,0.000000,12
3.100000,15.50000,0.00000,0.000000,13
3.100000,16.50000,0.00000,0.000000,14
3.100000,17.50000,0.00000,0.000000,15
3.100000,18.50000,0.00000,0.000000,16
3.100000,19.50000,0.00000,0.000000,17
3.100000,20.50000,0.00000,0.000000,18
3.100000,21.50000,0.00000,0.000000,19
3.100000,22.50000,0.00000,0.000000,20
3.100000,23.50000,0.00000,0.000000,21
3.100000,24.50000,0.00000,0.000000,22
3.100000,25.50000,0.00000,0.000000,23
3.100000,26.50000,0.00000,0.000000,24
3.100000,27.50000,0.00000,0.000000,25
3.100000,28.50000,0.00000,0.000000,26
3.100000,29.50000,0.00000,0.000000,27
3.100000,30.50000,0.00000,0.000000,28
3.100000,31.50000,0.00000,0.000000,29
3.100000,32.50000,0.00000,0.000000,30
3.200000,2.60352,-2.29304,0.724249,0
3.200000,3.50000,-1.50000,0.463648,1
3.200000,4.50000,-1.00000,0.244979,2
3.200000,5.50000,-0.75000,0.244979,3
3.200000,6.50000,-0.50000,0.244979,4
3.200000,7.50000,-0.25000,0.244979,5
3.200000,8.50000,0.00000,0.000000,6
3.200000,9.50000,0.00000,0.000000,7
3.200000,10.50000,0.00000,0.000000,8
3.200000,11.50000,0.00000,0.000000,9
3.200000,12.50000,0.00000,0.000000,10
3.200000,13.50000,0.00000,0.000000,11
3.200000,14.50000,0.00000,0.000000,12
3.200000,15.50000,0.00000,0.000000,13
3.200000,16.50000,0.00000,0.000000,14
3.200000,17.50000,0.00000,0.000000,15
3.200000,18.50000,0.00000,0.000000,16
3.200000,19.50000,0.00000,0.000000,17
3.200000,20.50000,0.00000,0.000000,18
3.200000,21.50000,0.00000,0.000000,19
3.200000,22.50000,0.00000,0.000000,20
3.200000,23.50000,0.00000,0.000000,21
3.200000,24.50000,0.00000,0.000000,22
3.200000,25.50000,0.00000,0.000000,23
3.200000,26.50000,0.00000,0.000000,24
3.200000,27.50000,0.00000,0.000000,25
3.200000,28.50000,0.00000,0.000000,26
3.200000,29.50000,0.00000,0.000000,27
3.200000,30.50000,0.00000,0.000000,28
3.200000,31.50000,0.00000,0.000000,29
3.200000,32.50000,0.00000,0.000000,30
3.300000,2.67232,-2.49969,0.735991,0
3.300000,3.50000,-1.75000,0.463648,1
3.300000,4.50000,-1.25000,0.463648,2
3.300000,5.50000,-0.75000,0.244979,3
3.300000,6.50000,-0.50000,0.244979,4
3.300000,7.50000,-0.25000,0.244979,5
3.300000,8.50000,0.00000,0.000000,6
3.300000,9.50000,0.00000,0.000000,7
3.300000,10.50000,0.00000,0.000000,8
3.300000,11.50000,0.00000,0.000000,9
3.300000,12.50000,0.00000,0.000000,10
3.300000,13.50000,0.00000,0.000000,11
3.300000,14.50000,0.00000,0.000000,12
3.300000,15.50000,0.00000,0.000000,13
3.300000,16.50000,0.00000,0.000000,14
3.300000,17.50000,0.00000,0.000000,15
3.300000,18.50000,0.00000,0.000000,16
3.300000,19.50000,0.00000,0.000000,17
3.300000,20.50000,0.00000,0.000000,18
3.300000,21.50000,0.00000,0.000000,19
3.300000,22.50000,0.00000,0.000000,20
3.300000,23.50000,0.00000,0.000000,21
3.300000,24.50000,0.00000,0.000000,22
3.300000,25.50000,0.00000,0.000000,23
3.300000,26.50000,0.00000,0.000000,24
3.300000,27.50000,0.00000,0.000000,25
3.300000,28.50000,0.00000,0.000000,26
3.300000,29.50000,0.00000,0.000000,27
3.300000,30.50000,0.00000,0.000000,28
3.300000,31.50000,0.00000,0.000000,29
3.300000,32.50000,0.00000,0.000000,30
3.400000,2.81319,-2.74975,0.563426,0
3.400000,4.00000,-2.00000,0.463648,1
3.400000,5.00000,-1.50000,0.463648,2
3.400000,6.00000,-1.00000,0.244979,3
3.400000,7.00000,-0.75000,0.244979,4
3.400000,8.00000,-0.50000,0.244979,5
3.400000,9.00000,-0.25000,0.244979,6
3.400000,10.00000,0.00000,0.000000,7
3.400000,11.00000,0.00000,0.000000,8
3.400000,12.00000,0.00000,0.000000,9
3.400000,13.00000,0.00000,0.000000,10
3.400000,14.00000,0.00000,0.000000,11
3.400000,15.00000,0.00000,0.000000,12
3.400000,16.00000,0.00000,0.000000,13
3.400000,17.00000,0.00000,0.000000,14
3.400000,18.00000,0.00000,0.000000,15
3.400000,19.00000,0.00000,0.000000,16
3.400000,20.00000,0.00000,0.000000,17
3.400000,21.00000,0.00000,0.000000,18
3.400000,22.00000,0.00000,0.000000,19
3.400000,23.00000,0.00000,0.000000,20
3.400000,24.00000,0.00000,0.000000,21
3.400000,25.00000,0.00000,0.000000,22
3.400000,26.00000,0.00000,0.000000,23
3.400000,27.00000,0.00000,0.000000,24
3.400000,28.00000,0.00000,0.000000,25
3.400000,29.00000,0.00000,0.000000,26
3.400000,30.00000,0.00000,0.000000,27
3.400000,31.00000,0.00000,0.000000,28
3.400000,32.00000,0.00000,0.000000,29
3.400000,33.00000,0.00000,0.000000,30
3.500000,2.88070,-2.95527,0.562257,0
3.500000,4.00000,-2.25000,0.643501,1
3.500000,5.00000,-1.50000,0.463648,2
3.500000,6.00000,-1.00000,0.244979,3
3.500000,7.00000,-0.75000,0.244979,4
3.500000,8.00000,-0.50000,0.244979,5
3.500000,9.00000,-0.25000,0.244979,6
3.500000,10.00000,0.00000,0.000000,7
3.500000,11.00000,0.00000,0.000000,8
3.500000,12.00000,0.00000,0.000000,9
3.500000,13.00000,0.00000,0.000000,10
3.500000,14.00000,0.00000,0.000000,11
3.500000,15.00000,0.00000,0.000000,12
3.500000,16.00000,0.00000,0.000000,13
3.500000,17.00000,0.00000,0.000000,14
3.500000,18.00000,0.00000,0.000000,15
3.500000,19.00000,0.00000,0.000000,16
3.500000,20.00000,0.00000,0.000000,17
3.500000,21.00000,0.00000,0.000000,18
3.500000,22.00000,0.00000,0.000000,19
3.500000,23.00000,0.00000,0.000000,20
3.500000,24.00000,0.00000,0.000000,21
3.500000,25.00000,0.00000,0.000000,22
3.500000,26.00000,0.00000,0.000000,23
3.500000,27.00000,0.00000,0.000000,24
3.500000,28.00000,0.00000,0.000000,25
3.500000,29.00000,0.00000,0.000000,26
3.500000,30.00000,0.00000,0.000000,27
3.500000,31.00000,0.00000,0.000000,28
3.500000,32.00000,0.00000,0.000000,29
3.500000,33.00000,0.00000,0.000000,30
3.600000,2.99375,-3.12650,0.716595,0
3.600000,4.00000,-2.25000,0.643501,1
3.600000,5.00000,-1.50000,0.463648,2
3.600000,6.00000,-1.00000,0.244979,3
3.600000,7.00000,-0.75000,0.244979,4
3.600000,8.00000,-0.50000,0.244979,5
3.600000,9.00000,-0.25000,0.244979,6
3.600000,10.00000,0.00000,0.000000,7
3.600000,11.00000,0.00000,0.000000,8
3.600000,12.00000,0.00000,0.000000,9
3.600000,13.00000,0.00000,0.000000,10
3.600000,14.00000,0.00000,0.000000,11
3.600000,15.00000,0.00000,0.000000,12
3.600000,16.00000,0.00000,0.000000,13
3.600000,17.00000,0.00000,0.000000,14
3.600000,18.00000,0.00000,0.000000,15
3.600000,19.00000,0.00000,0.000000,16
3.600000,20.00000,0.00000,0.000000,17
3.600000,21.00000,0.00000,0.000000,18
3.600000,22.00000,0.00000,0.000000,19
3.600000,23.00000,0.00000,0.000000,20
3.600000,24.00000,0.00000,0.000000,21
3.600000,25.00000,0.00000,0.000000,22
3.600000,26.00000,0.00000,0.000000,23
3.600000,27.00000,0.00000,0.000000,24
3.600000,28.00000,0.00000,0.000000,25
3.600000,29.00000,0.00000,0.000000,26
3.600000,30.00000,0.00000,0.000000,27
3.600000,31.00000,0.00000,0.000000,28
3.600000,32.00000,0.00000,0.000000,29
3.600000,33.00000,0.00000,0.000000,30
3.700000,3.03424,-3.33986,0.715788,0
3.700000,4.00000,-2.50000,0.643501,1
3.700000,5.00000,-1.75000,0.463648,2
3.700000,6.00000,-1.25000,0.463648,3
3.700000,7.00000,-0.75000,0.244979,4
3.700000,8.00000,-0.50000,0.244979,5
3.700000,9.00000,-0.25000,0.244979,6
3.700000,10.00000,0.00000,0.000000,7
3.700000,11.00000,0.00000,0.000000,8
3.700000,12.00000,0.00000,0.000000,9
3.700000,13.00000,0.00000,0.000000,10
3.700000,14.00000,0.00000,0.000000,11
3.700000,15.00000,0.00000,0.000000,12
3.700000,16.00000,0.00000,0.000000,13
3.700000,17.00000,0.00000,0.000000,14
3.700000,18.00000,0.00000,0.000000,15
3.700000,19.00000,0.00000,0.000000,16
3.700000,20.00000,0.00000,0.000000,17
3.700000,21.00000,0.00000,0.000000,18
3.700000,22.00000,0.00000,0.000000,19
3.700000,23.00000,0.00000,0.000000,20
3.700000,24.00000,0.00000,0.000000,21
3.700000,25.00000,0.00000,0.000000,22
3.700000,26.00000,0.00000,0.000000,23
3.700000,27.00000,0.00000,0.000000,24
3.700000,28.00000,0.00000,0.000000,25
3.700000,29.00000,0.00000,0.000000,26
3.700000,30.00000,0.00000,0.000000,27
3.700000,31.00000,0.00000,0.000000,28
3.700000,32.00000,0.00000,0.000000,29
3.700000,33.00000,0.00000,0.000000,30
3.800000,3.07976,-3.56281,0.723489,0
3.800000,4.00000,-2.75000,0.643501,1
3.800000,5.00000,-2.00000,0.463648,2
3.800000,6.00000,-1.50000,0.463648,3
3.800000,7.00000,-1.00000,0.244979,4
3.800000,8.00000,-0.75000,0.244979,5
3.800000,9.00000,-0.50000,0.244979,6
3.800000,10.00000,-0.25000,0.244979,7
3.800000,11.00000,0.00000,0.000000,8
3.800000,12.00000,0.00000,0.000000,9
3.800000,13.00000,0.00000,0.000000,10
3.800000,14.00000,0.00000,0.000000,11
3.800000,15.00000,0.00000,0.000000,12
3.800000,16.00000,0.00000,0.000000,13
3.800000,17.00000,0.00000,0.000000,14
3.800000,18.00000,0.00000,0.000000,15
3.800000,19.00000,0.00000,0.000000,16
3.800000,20.00000,0.00000,0.000000,17
3.800000,21.00000,0.00000,0.000000,18
3.800000,22.00000,0.00000,0.000000,19
3.800000,23.00000,0.00000,0.000000,20
3.800000,24.00000,0.00000,0.000000,21
3.800000,25.00000,0.00000,0.000000,22
3.800000,26.00000,0.00000,0.000000,23
3.800000,27.00000,0.00000,0.000000,24
3.800000,28.00000,0.00000,0.000000,25
3.800000,29.00000,0.00000,0.000000,26
3.800000,30.00000,0.00000,0.000000,27
3.800000,31.00000,0.00000,0.000000,28
3.800000,32.00000,0.00000,0.000000,29
3.800000,33.00000,0.00000,0.000000,30
3.900000,3.12842,-3.73864,0.703027,0
3.900000,4.00000,-3.00000,0.643501,1
3.900000,5.00000,-2.25000,0.643501,2
3.900000,6.00000,-1.50000,0.463648,3
3.900000,7.00000,-1.00000,0.244979,4
3.900000,8.00000,-0.75000,0.244979,5
3.900000,9.00000,-0.50000,0.244979,6
3.900000,10.00000,-0.25000,0.244979,7
3.900000,11.00000,0.00000,0.000000,8
3.900000,12.00000,0.00000,0.000000,9
3.900000,13.00000,0.00000,0.000000,10
3.900000,14.00000,0.00000,0.000000,11
3.900000,15.00000,0.00000,0.000000,12
3.900000,16.00000,0.00000,0.000000,13
3.900000,17.00000,0.00000,0.000000,14
3.900000,18.00000,0.00000,0.000000,15
3.900000,19.00000,0.00000,0.000000,16
3.900000,20.00000,0.00000,0.000000,17
3.900000,21.00000,0.00000,0.000000,18
3.900000,22.00000,0.00000,0.000000,19
3.900000,23.00000,0.00000,0.000000,20
3.900000,24.00000,0.00000,0.000000,21
3.900000,25.00000,0.00000,0.000000,22
3.900000,26.00000,0.00000,0.000000,23
3.900000,27.00000,0.00000,0.000000,24
3.900000,28.00000,0.00000,0.000000,25
3.900000,29.00000,0.00000,0.000000,26
3.900000,30.00000,0.00000,0.000000,27
3.900000,31.00000,0.00000,0.000000,28
3.900000,32.00000,0.00000,0.000000,29
3.900000,33.00000,0.00000,0.000000,30
4.000000,3.14131,-3.89644,0.806900,0
4.000000,4.00000,-3.00000,0.643501,1
4.000000,5.00000,-2.25000,0.643501,2
4.000000,6.00000,-1.50000,0.463648,3
4.000000,7.00000,-1.00000,0.244979,4
4.000000,8.00000,-0.75000,0.244979,5
4.000000,9.00000,-0.50000,0.244979,6
4.000000,10.00000,-0.25000,0.244979,7
4.000000,11.00000,0.00000,0.000000,8
4.000000,12.00000,0.00000,0.000000,9
4.000000,13.00000,0.00000,0.000000,10
4.000000,14.00000,0.00000,0.000000,11
4.000000,15.00000,0.00000,0.000000,12
4.000000,16.00000,0.00000,0.000000,13
4.000000,17.00000,0.00000,0.000000,14
4.000000,18.00000,0.00000,0.000000,15
4.000000,19.00000,0.00000,0.000000,16
4.000000,20.00000,0.00000,0.000000,17
4.000000,21.00000,0.00000,0.000000,18
4.000000,22.00000,0.00000,0.000000,19
4.000000,23.00000,0.00000,0.000000,20
4.000000,24.00000,0.00000,0.000000,21
4.000000,25.00000,0.00000,0.000000,22
4.000000,26.00000,0.00000,0.000000,23
4.000000,27.00000,0.00000,0.000000,24
4.000000,28.00000,0.00000,0.000000,25
4.000000,29.00000,0.00000,0.000000,26
4.000000,30.00000,0.00000,0.000000,27
4.000000,31.00000,0.00000,0.000000,28
4.000000,32.00000,0.00000,0.000000,29
4.000000,33.00000,0.00000,0.000000,30
